"OTU_ID","CONSENSUS_LINEAGE","SUPERKINGDOM","PHYLUM","CLASS","ORDER","FAMILY","GENUS","biological_label"
"OTU_97.360","Root;p__Firmicutes;c__Clostridia;o__Clostridiales;f__Lachnospiraceae;g__Eubacterium","Bacteria","Firmicutes","Clostridia","Clostridiales","Lachnospiraceae","Eubacterium","Lachnospiraceae / Eubacterium"
"OTU_97.1096","Root;p__Firmicutes;c__Clostridia;o__Clostridiales;f__Lachnospiraceae","Bacteria","Firmicutes","Clostridia","Clostridiales","Lachnospiraceae","Unclassified","Lachnospiraceae"
"OTU_97.2487","Root;p__Firmicutes;c__Clostridia;o__Clostridiales;f__Lachnospiraceae;g__Roseburia","Bacteria","Firmicutes","Clostridia","Clostridiales","Lachnospiraceae","Roseburia","Lachnospiraceae / Roseburia"
"OTU_97.15869","Root;p__Firmicutes;c__Clostridia;o__Clostridiales;f__Lachnospiraceae;g__Roseburia","Bacteria","Firmicutes","Clostridia","Clostridiales","Lachnospiraceae","Roseburia","Lachnospiraceae / Roseburia"
"OTU_97.29850","Root;p__Firmicutes;c__Clostridia;o__Clostridiales;f__Lachnospiraceae;g__Roseburia","Bacteria","Firmicutes","Clostridia","Clostridiales","Lachnospiraceae","Roseburia","Lachnospiraceae / Roseburia"
"OTU_97.67","Root;p__Firmicutes;c__Clostridia;o__Clostridiales;f__Lachnospiraceae;g__Roseburia","Bacteria","Firmicutes","Clostridia","Clostridiales","Lachnospiraceae","Roseburia","Lachnospiraceae / Roseburia"
"OTU_97.16585","Root;p__Firmicutes;c__Clostridia;o__Clostridiales;f__Lachnospiraceae;g__Roseburia","Bacteria","Firmicutes","Clostridia","Clostridiales","Lachnospiraceae","Roseburia","Lachnospiraceae / Roseburia"
"OTU_97.35535","Root","Bacteria","Unclassified","Unclassified","Unclassified","Unclassified","Unclassified","OTU_97.35535"
"OTU_97.6703","Root","Bacteria","Unclassified","Unclassified","Unclassified","Unclassified","Unclassified","OTU_97.6703"
"OTU_97.1656","Root;p__Firmicutes;c__Clostridia;o__Clostridiales;f__Lachnospiraceae;g__Roseburia","Bacteria","Firmicutes","Clostridia","Clostridiales","Lachnospiraceae","Roseburia","Lachnospiraceae / Roseburia"
"OTU_97.32588","Root;p__Firmicutes;c__Clostridia;o__Clostridiales;f__Lachnospiraceae;g__Roseburia","Bacteria","Firmicutes","Clostridia","Clostridiales","Lachnospiraceae","Roseburia","Lachnospiraceae / Roseburia"
"OTU_97.33687","Root;p__Firmicutes;c__Clostridia;o__Clostridiales;f__Lachnospiraceae;g__Roseburia","Bacteria","Firmicutes","Clostridia","Clostridiales","Lachnospiraceae","Roseburia","Lachnospiraceae / Roseburia"
"OTU_97.12461","Root;p__Firmicutes;c__Clostridia;o__Clostridiales;f__Lachnospiraceae;g__Roseburia","Bacteria","Firmicutes","Clostridia","Clostridiales","Lachnospiraceae","Roseburia","Lachnospiraceae / Roseburia"
"OTU_97.37599","Root;p__Firmicutes;c__Clostridia;o__Clostridiales;f__Lachnospiraceae;g__Roseburia","Bacteria","Firmicutes","Clostridia","Clostridiales","Lachnospiraceae","Roseburia","Lachnospiraceae / Roseburia"
"OTU_97.37902","Root;p__Firmicutes;c__Clostridia;o__Clostridiales;f__Lachnospiraceae;g__Roseburia","Bacteria","Firmicutes","Clostridia","Clostridiales","Lachnospiraceae","Roseburia","Lachnospiraceae / Roseburia"
"OTU_97.39144","Root;p__Firmicutes;c__Clostridia;o__Clostridiales;f__Lachnospiraceae;g__Roseburia","Bacteria","Firmicutes","Clostridia","Clostridiales","Lachnospiraceae","Roseburia","Lachnospiraceae / Roseburia"
"OTU_97.402","Root;p__Firmicutes;c__Clostridia;o__Clostridiales;f__Lachnospiraceae;g__Blautia","Bacteria","Firmicutes","Clostridia","Clostridiales","Lachnospiraceae","Blautia","Lachnospiraceae / Blautia"
"OTU_97.7623","Root;p__Firmicutes;c__Clostridia;o__Clostridiales;f__Lachnospiraceae;g__Blautia","Bacteria","Firmicutes","Clostridia","Clostridiales","Lachnospiraceae","Blautia","Lachnospiraceae / Blautia"
"OTU_97.26561","Root;p__Firmicutes;c__Clostridia;o__Clostridiales;f__Lachnospiraceae;g__Blautia","Bacteria","Firmicutes","Clostridia","Clostridiales","Lachnospiraceae","Blautia","Lachnospiraceae / Blautia"
"OTU_97.31428","Root;p__Firmicutes;c__Clostridia;o__Clostridiales;f__Lachnospiraceae;g__Blautia","Bacteria","Firmicutes","Clostridia","Clostridiales","Lachnospiraceae","Blautia","Lachnospiraceae / Blautia"
"OTU_97.226","Root;p__Firmicutes;c__Clostridia;o__Clostridiales;f__Lachnospiraceae;g__Blautia","Bacteria","Firmicutes","Clostridia","Clostridiales","Lachnospiraceae","Blautia","Lachnospiraceae / Blautia"
"OTU_97.9679","Root;p__Firmicutes;c__Clostridia;o__Clostridiales;f__Lachnospiraceae;g__Blautia","Bacteria","Firmicutes","Clostridia","Clostridiales","Lachnospiraceae","Blautia","Lachnospiraceae / Blautia"
"OTU_97.15051","Root;p__Firmicutes;c__Clostridia;o__Clostridiales;f__Lachnospiraceae;g__Blautia","Bacteria","Firmicutes","Clostridia","Clostridiales","Lachnospiraceae","Blautia","Lachnospiraceae / Blautia"
"OTU_97.29387","Root;p__Firmicutes;c__Clostridia;o__Clostridiales;f__Lachnospiraceae;g__Blautia","Bacteria","Firmicutes","Clostridia","Clostridiales","Lachnospiraceae","Blautia","Lachnospiraceae / Blautia"
"OTU_97.800","Root;p__Firmicutes;c__Clostridia;o__Clostridiales;f__Lachnospiraceae;g__","Bacteria","Firmicutes","Clostridia","Clostridiales","Lachnospiraceae","Unclassified","Lachnospiraceae"
"OTU_97.586","Root;p__Firmicutes;c__Clostridia;o__Clostridiales;f__Lachnospiraceae;g__Blautia","Bacteria","Firmicutes","Clostridia","Clostridiales","Lachnospiraceae","Blautia","Lachnospiraceae / Blautia"
"OTU_97.401","Root;p__Firmicutes;c__Clostridia;o__Clostridiales;f__Lachnospiraceae;g__","Bacteria","Firmicutes","Clostridia","Clostridiales","Lachnospiraceae","Unclassified","Lachnospiraceae"
"OTU_97.158","Root;p__Firmicutes;c__Clostridia;o__Clostridiales;f__Lachnospiraceae;g__","Bacteria","Firmicutes","Clostridia","Clostridiales","Lachnospiraceae","Unclassified","Lachnospiraceae"
"OTU_97.3264","Root;p__Firmicutes;c__Clostridia;o__Clostridiales;f__Lachnospiraceae","Bacteria","Firmicutes","Clostridia","Clostridiales","Lachnospiraceae","Unclassified","Lachnospiraceae"
"OTU_97.255","Root;p__Firmicutes;c__Clostridia;o__Clostridiales;f__Lachnospiraceae;g__Roseburia","Bacteria","Firmicutes","Clostridia","Clostridiales","Lachnospiraceae","Roseburia","Lachnospiraceae / Roseburia"
"OTU_97.7662","Root;p__Firmicutes;c__Clostridia;o__Clostridiales;f__Lachnospiraceae","Bacteria","Firmicutes","Clostridia","Clostridiales","Lachnospiraceae","Unclassified","Lachnospiraceae"
"OTU_97.27756","Root;p__Firmicutes;c__Clostridia;o__Clostridiales;f__Lachnospiraceae","Bacteria","Firmicutes","Clostridia","Clostridiales","Lachnospiraceae","Unclassified","Lachnospiraceae"
"OTU_97.175","Root;p__Firmicutes;c__Clostridia;o__Clostridiales;f__Lachnospiraceae;g__Roseburia","Bacteria","Firmicutes","Clostridia","Clostridiales","Lachnospiraceae","Roseburia","Lachnospiraceae / Roseburia"
"OTU_97.16633","Root;p__Firmicutes;c__Clostridia;o__Clostridiales;f__Lachnospiraceae;g__Roseburia","Bacteria","Firmicutes","Clostridia","Clostridiales","Lachnospiraceae","Roseburia","Lachnospiraceae / Roseburia"
"OTU_97.39322","Root;p__Firmicutes;c__Clostridia;o__Clostridiales;f__Lachnospiraceae;g__Roseburia","Bacteria","Firmicutes","Clostridia","Clostridiales","Lachnospiraceae","Roseburia","Lachnospiraceae / Roseburia"
"OTU_97.331","Root;p__Firmicutes;c__Clostridia;o__Clostridiales;f__Lachnospiraceae;g__Roseburia","Bacteria","Firmicutes","Clostridia","Clostridiales","Lachnospiraceae","Roseburia","Lachnospiraceae / Roseburia"
"OTU_97.4904","Root;p__Firmicutes;c__Clostridia;o__Clostridiales;f__Lachnospiraceae;g__Lachnospira","Bacteria","Firmicutes","Clostridia","Clostridiales","Lachnospiraceae","Lachnospira","Lachnospiraceae / Lachnospira"
"OTU_97.346","Root;p__Firmicutes;c__Clostridia;o__Clostridiales;f__Lachnospiraceae;g__Lachnospira","Bacteria","Firmicutes","Clostridia","Clostridiales","Lachnospiraceae","Lachnospira","Lachnospiraceae / Lachnospira"
"OTU_97.885","Root;p__Firmicutes;c__Clostridia;o__Clostridiales;f__Lachnospiraceae","Bacteria","Firmicutes","Clostridia","Clostridiales","Lachnospiraceae","Unclassified","Lachnospiraceae"
"OTU_97.384","Root;p__Firmicutes;c__Clostridia;o__Clostridiales;f__Lachnospiraceae","Bacteria","Firmicutes","Clostridia","Clostridiales","Lachnospiraceae","Unclassified","Lachnospiraceae"
"OTU_97.501","Root;p__Firmicutes;c__Clostridia;o__Clostridiales;f__Lachnospiraceae","Bacteria","Firmicutes","Clostridia","Clostridiales","Lachnospiraceae","Unclassified","Lachnospiraceae"
"OTU_97.585","Root;p__Firmicutes;c__Clostridia;o__Clostridiales;f__Lachnospiraceae;g__Clostridium","Bacteria","Firmicutes","Clostridia","Clostridiales","Lachnospiraceae","Clostridium","Lachnospiraceae / Clostridium"
"OTU_97.213","Root;p__Firmicutes;c__Clostridia;o__Clostridiales;f__Lachnospiraceae;g__Clostridium","Bacteria","Firmicutes","Clostridia","Clostridiales","Lachnospiraceae","Clostridium","Lachnospiraceae / Clostridium"
"OTU_97.755","Root;p__Firmicutes;c__Clostridia;o__Clostridiales;f__Lachnospiraceae;g__Roseburia","Bacteria","Firmicutes","Clostridia","Clostridiales","Lachnospiraceae","Roseburia","Lachnospiraceae / Roseburia"
"OTU_97.772","Root;p__Firmicutes;c__Clostridia;o__Clostridiales;f__Lachnospiraceae;g__","Bacteria","Firmicutes","Clostridia","Clostridiales","Lachnospiraceae","Unclassified","Lachnospiraceae"
"OTU_97.523","Root;p__Firmicutes;c__Clostridia;o__Clostridiales;f__Lachnospiraceae","Bacteria","Firmicutes","Clostridia","Clostridiales","Lachnospiraceae","Unclassified","Lachnospiraceae"
"OTU_97.379","Root;p__Firmicutes;c__Clostridia;o__Clostridiales;f__Lachnospiraceae;g__Coprococcus","Bacteria","Firmicutes","Clostridia","Clostridiales","Lachnospiraceae","Coprococcus","Lachnospiraceae / Coprococcus"
"OTU_97.365","Root;p__Firmicutes;c__Clostridia;o__Clostridiales;f__Lachnospiraceae;g__Coprococcus","Bacteria","Firmicutes","Clostridia","Clostridiales","Lachnospiraceae","Coprococcus","Lachnospiraceae / Coprococcus"
"OTU_97.488","Root;p__Firmicutes;c__Clostridia;o__Clostridiales;f__Lachnospiraceae;g__Clostridium","Bacteria","Firmicutes","Clostridia","Clostridiales","Lachnospiraceae","Clostridium","Lachnospiraceae / Clostridium"
"OTU_97.1399","Root;p__Firmicutes;c__Clostridia;o__Clostridiales;f__Lachnospiraceae;g__Clostridium","Bacteria","Firmicutes","Clostridia","Clostridiales","Lachnospiraceae","Clostridium","Lachnospiraceae / Clostridium"
"OTU_97.281","Root;p__Firmicutes;c__Clostridia;o__Clostridiales;f__Lachnospiraceae;g__Ruminococcus","Bacteria","Firmicutes","Clostridia","Clostridiales","Lachnospiraceae","Ruminococcus","Lachnospiraceae / Ruminococcus"
"OTU_97.337","Root;p__Firmicutes;c__Clostridia;o__Clostridiales;f__Lachnospiraceae;g__Ruminococcus","Bacteria","Firmicutes","Clostridia","Clostridiales","Lachnospiraceae","Ruminococcus","Lachnospiraceae / Ruminococcus"
"OTU_97.424","Root;p__Firmicutes;c__Clostridia;o__Clostridiales;f__Lachnospiraceae;g__Ruminococcus","Bacteria","Firmicutes","Clostridia","Clostridiales","Lachnospiraceae","Ruminococcus","Lachnospiraceae / Ruminococcus"
"OTU_97.26200","Root;p__Firmicutes;c__Clostridia;o__Clostridiales;f__Lachnospiraceae;g__Dorea","Bacteria","Firmicutes","Clostridia","Clostridiales","Lachnospiraceae","Dorea","Lachnospiraceae / Dorea"
"OTU_97.211","Root;p__Firmicutes;c__Clostridia;o__Clostridiales;f__Lachnospiraceae;g__Lachnospira","Bacteria","Firmicutes","Clostridia","Clostridiales","Lachnospiraceae","Lachnospira","Lachnospiraceae / Lachnospira"
"OTU_97.6580","Root;p__Firmicutes;c__Clostridia;o__Clostridiales;f__Lachnospiraceae;g__Lachnospira","Bacteria","Firmicutes","Clostridia","Clostridiales","Lachnospiraceae","Lachnospira","Lachnospiraceae / Lachnospira"
"OTU_97.35940","Root;p__Firmicutes;c__Clostridia;o__Clostridiales;f__Lachnospiraceae;g__Lachnospira","Bacteria","Firmicutes","Clostridia","Clostridiales","Lachnospiraceae","Lachnospira","Lachnospiraceae / Lachnospira"
"OTU_97.674","Root;p__Firmicutes;c__Clostridia;o__Clostridiales;f__Lachnospiraceae;g__Coprococcus","Bacteria","Firmicutes","Clostridia","Clostridiales","Lachnospiraceae","Coprococcus","Lachnospiraceae / Coprococcus"
"OTU_97.421","Root;p__Firmicutes;c__Clostridia;o__Clostridiales;f__Lachnospiraceae;g__","Bacteria","Firmicutes","Clostridia","Clostridiales","Lachnospiraceae","Unclassified","Lachnospiraceae"
"OTU_97.785","Root;p__Firmicutes;c__Clostridia;o__Clostridiales;f__Ruminococcaceae","Bacteria","Firmicutes","Clostridia","Clostridiales","Ruminococcaceae","Unclassified","Ruminococcaceae"
"OTU_97.361","Root;p__Firmicutes;c__Clostridia;o__Clostridiales;f__Ruminococcaceae","Bacteria","Firmicutes","Clostridia","Clostridiales","Ruminococcaceae","Unclassified","Ruminococcaceae"
"OTU_97.663","Root;p__Firmicutes;c__Clostridia;o__Clostridiales;f__Ruminococcaceae","Bacteria","Firmicutes","Clostridia","Clostridiales","Ruminococcaceae","Unclassified","Ruminococcaceae"
"OTU_97.545","Root;p__Firmicutes;c__Clostridia;o__Clostridiales;f__Ruminococcaceae;g__","Bacteria","Firmicutes","Clostridia","Clostridiales","Ruminococcaceae","Unclassified","Ruminococcaceae"
"OTU_97.10199","Root;p__Firmicutes;c__Clostridia;o__Clostridiales;f__Ruminococcaceae;g__Oscillospira","Bacteria","Firmicutes","Clostridia","Clostridiales","Ruminococcaceae","Oscillospira","Ruminococcaceae / Oscillospira"
"OTU_97.339","Root;p__Firmicutes;c__Clostridia;o__Clostridiales;f__Ruminococcaceae;g__Oscillospira","Bacteria","Firmicutes","Clostridia","Clostridiales","Ruminococcaceae","Oscillospira","Ruminococcaceae / Oscillospira"
"OTU_97.288","Root;p__Firmicutes;c__Clostridia;o__Clostridiales;f__Ruminococcaceae;g__Oscillospira","Bacteria","Firmicutes","Clostridia","Clostridiales","Ruminococcaceae","Oscillospira","Ruminococcaceae / Oscillospira"
"OTU_97.42522","Root;p__Firmicutes;c__Clostridia;o__Clostridiales;f__Ruminococcaceae;g__Oscillospira","Bacteria","Firmicutes","Clostridia","Clostridiales","Ruminococcaceae","Oscillospira","Ruminococcaceae / Oscillospira"
"OTU_97.720","Root;p__Firmicutes;c__Clostridia;o__Clostridiales;f__Ruminococcaceae;g__Oscillospira","Bacteria","Firmicutes","Clostridia","Clostridiales","Ruminococcaceae","Oscillospira","Ruminococcaceae / Oscillospira"
"OTU_97.38248","Root;p__Firmicutes;c__Clostridia;o__Clostridiales;f__Ruminococcaceae;g__Oscillospira","Bacteria","Firmicutes","Clostridia","Clostridiales","Ruminococcaceae","Oscillospira","Ruminococcaceae / Oscillospira"
"OTU_97.286","Root;p__Firmicutes;c__Clostridia;o__Clostridiales;f__Ruminococcaceae;g__Oscillospira","Bacteria","Firmicutes","Clostridia","Clostridiales","Ruminococcaceae","Oscillospira","Ruminococcaceae / Oscillospira"
"OTU_97.2881","Root;p__Firmicutes;c__Clostridia;o__Clostridiales;f__Ruminococcaceae;g__Oscillospira","Bacteria","Firmicutes","Clostridia","Clostridiales","Ruminococcaceae","Oscillospira","Ruminococcaceae / Oscillospira"
"OTU_97.4651","Root;p__Firmicutes;c__Clostridia;o__Clostridiales;f__Ruminococcaceae;g__Oscillospira","Bacteria","Firmicutes","Clostridia","Clostridiales","Ruminococcaceae","Oscillospira","Ruminococcaceae / Oscillospira"
"OTU_97.7888","Root;p__Firmicutes;c__Clostridia;o__Clostridiales;f__Ruminococcaceae;g__Oscillospira","Bacteria","Firmicutes","Clostridia","Clostridiales","Ruminococcaceae","Oscillospira","Ruminococcaceae / Oscillospira"
"OTU_97.810","Root;p__Firmicutes;c__Clostridia;o__Clostridiales;f__;g__","Bacteria","Firmicutes","Clostridia","Clostridiales","Unclassified","Unclassified","Clostridiales"
"OTU_97.266","Root;p__Firmicutes;c__Clostridia;o__Clostridiales;f__Ruminococcaceae;g__Ruminococcus","Bacteria","Firmicutes","Clostridia","Clostridiales","Ruminococcaceae","Ruminococcus","Ruminococcaceae / Ruminococcus"
"OTU_97.15337","Root;p__Firmicutes;c__Clostridia;o__Clostridiales;f__Ruminococcaceae;g__Ruminococcus","Bacteria","Firmicutes","Clostridia","Clostridiales","Ruminococcaceae","Ruminococcus","Ruminococcaceae / Ruminococcus"
"OTU_97.155","Root;p__Firmicutes;c__Clostridia;o__Clostridiales;f__Ruminococcaceae;g__Ruminococcus","Bacteria","Firmicutes","Clostridia","Clostridiales","Ruminococcaceae","Ruminococcus","Ruminococcaceae / Ruminococcus"
"OTU_97.617","Root;p__Firmicutes;c__Clostridia;o__Clostridiales;f__Ruminococcaceae;g__","Bacteria","Firmicutes","Clostridia","Clostridiales","Ruminococcaceae","Unclassified","Ruminococcaceae"
"OTU_97.683","Root;p__Firmicutes;c__Clostridia;o__Clostridiales;f__Ruminococcaceae;g__Faecalibacterium","Bacteria","Firmicutes","Clostridia","Clostridiales","Ruminococcaceae","Faecalibacterium","Ruminococcaceae / Faecalibacterium"
"OTU_97.181","Root;p__Firmicutes;c__Clostridia;o__Clostridiales;f__Ruminococcaceae;g__Faecalibacterium","Bacteria","Firmicutes","Clostridia","Clostridiales","Ruminococcaceae","Faecalibacterium","Ruminococcaceae / Faecalibacterium"
"OTU_97.23942","Root;p__Firmicutes;c__Clostridia;o__Clostridiales;f__Ruminococcaceae;g__Faecalibacterium","Bacteria","Firmicutes","Clostridia","Clostridiales","Ruminococcaceae","Faecalibacterium","Ruminococcaceae / Faecalibacterium"
"OTU_97.35268","Root;p__Firmicutes;c__Clostridia;o__Clostridiales;f__Ruminococcaceae;g__Faecalibacterium","Bacteria","Firmicutes","Clostridia","Clostridiales","Ruminococcaceae","Faecalibacterium","Ruminococcaceae / Faecalibacterium"
"OTU_97.34294","Root;p__Firmicutes;c__Clostridia;o__Clostridiales;f__Ruminococcaceae;g__Faecalibacterium","Bacteria","Firmicutes","Clostridia","Clostridiales","Ruminococcaceae","Faecalibacterium","Ruminococcaceae / Faecalibacterium"
"OTU_97.41674","Root;p__Firmicutes;c__Clostridia;o__Clostridiales;f__Ruminococcaceae;g__Faecalibacterium","Bacteria","Firmicutes","Clostridia","Clostridiales","Ruminococcaceae","Faecalibacterium","Ruminococcaceae / Faecalibacterium"
"OTU_97.571","Root;p__Firmicutes;c__Clostridia;o__Clostridiales;f__Ruminococcaceae;g__Faecalibacterium","Bacteria","Firmicutes","Clostridia","Clostridiales","Ruminococcaceae","Faecalibacterium","Ruminococcaceae / Faecalibacterium"
"OTU_97.43194","Root;p__Firmicutes;c__Clostridia;o__Clostridiales;f__Ruminococcaceae;g__Faecalibacterium","Bacteria","Firmicutes","Clostridia","Clostridiales","Ruminococcaceae","Faecalibacterium","Ruminococcaceae / Faecalibacterium"
"OTU_97.37076","Root;p__Firmicutes;c__Clostridia;o__Clostridiales;f__Ruminococcaceae;g__Faecalibacterium","Bacteria","Firmicutes","Clostridia","Clostridiales","Ruminococcaceae","Faecalibacterium","Ruminococcaceae / Faecalibacterium"
"OTU_97.37565","Root;p__Firmicutes;c__Clostridia;o__Clostridiales;f__Ruminococcaceae;g__Faecalibacterium","Bacteria","Firmicutes","Clostridia","Clostridiales","Ruminococcaceae","Faecalibacterium","Ruminococcaceae / Faecalibacterium"
"OTU_97.27813","Root;p__Firmicutes;c__Clostridia;o__Clostridiales;f__Ruminococcaceae;g__Faecalibacterium","Bacteria","Firmicutes","Clostridia","Clostridiales","Ruminococcaceae","Faecalibacterium","Ruminococcaceae / Faecalibacterium"
"OTU_97.37636","Root;p__Firmicutes;c__Clostridia;o__Clostridiales;f__Ruminococcaceae;g__Faecalibacterium","Bacteria","Firmicutes","Clostridia","Clostridiales","Ruminococcaceae","Faecalibacterium","Ruminococcaceae / Faecalibacterium"
"OTU_97.18624","Root;p__Firmicutes;c__Clostridia;o__Clostridiales;f__Ruminococcaceae;g__Faecalibacterium","Bacteria","Firmicutes","Clostridia","Clostridiales","Ruminococcaceae","Faecalibacterium","Ruminococcaceae / Faecalibacterium"
"OTU_97.43372","Root;p__Firmicutes;c__Clostridia;o__Clostridiales;f__Ruminococcaceae;g__Faecalibacterium","Bacteria","Firmicutes","Clostridia","Clostridiales","Ruminococcaceae","Faecalibacterium","Ruminococcaceae / Faecalibacterium"
"OTU_97.21746","Root;p__Firmicutes;c__Clostridia;o__Clostridiales;f__Ruminococcaceae;g__Faecalibacterium","Bacteria","Firmicutes","Clostridia","Clostridiales","Ruminococcaceae","Faecalibacterium","Ruminococcaceae / Faecalibacterium"
"OTU_97.26563","Root;p__Firmicutes;c__Clostridia;o__Clostridiales;f__Ruminococcaceae;g__Faecalibacterium","Bacteria","Firmicutes","Clostridia","Clostridiales","Ruminococcaceae","Faecalibacterium","Ruminococcaceae / Faecalibacterium"
"OTU_97.36971","Root;p__Firmicutes;c__Clostridia;o__Clostridiales;f__Ruminococcaceae;g__Faecalibacterium","Bacteria","Firmicutes","Clostridia","Clostridiales","Ruminococcaceae","Faecalibacterium","Ruminococcaceae / Faecalibacterium"
"OTU_97.16265","Root;p__Firmicutes;c__Clostridia;o__Clostridiales;f__Ruminococcaceae;g__Faecalibacterium","Bacteria","Firmicutes","Clostridia","Clostridiales","Ruminococcaceae","Faecalibacterium","Ruminococcaceae / Faecalibacterium"
"OTU_97.34800","Root;p__Firmicutes;c__Clostridia;o__Clostridiales;f__Ruminococcaceae;g__Faecalibacterium","Bacteria","Firmicutes","Clostridia","Clostridiales","Ruminococcaceae","Faecalibacterium","Ruminococcaceae / Faecalibacterium"
"OTU_97.39377","Root;p__Firmicutes;c__Clostridia;o__Clostridiales;f__Ruminococcaceae;g__Faecalibacterium","Bacteria","Firmicutes","Clostridia","Clostridiales","Ruminococcaceae","Faecalibacterium","Ruminococcaceae / Faecalibacterium"
"OTU_97.39184","Root;p__Firmicutes;c__Clostridia;o__Clostridiales;f__Ruminococcaceae;g__Faecalibacterium","Bacteria","Firmicutes","Clostridia","Clostridiales","Ruminococcaceae","Faecalibacterium","Ruminococcaceae / Faecalibacterium"
"OTU_97.699","Root;p__Firmicutes;c__Clostridia;o__Clostridiales;f__Ruminococcaceae;g__Faecalibacterium","Bacteria","Firmicutes","Clostridia","Clostridiales","Ruminococcaceae","Faecalibacterium","Ruminococcaceae / Faecalibacterium"
"OTU_97.645","Root;p__Firmicutes;c__Clostridia;o__Clostridiales;f__Ruminococcaceae;g__Subdoligranulum","Bacteria","Firmicutes","Clostridia","Clostridiales","Ruminococcaceae","Subdoligranulum","Ruminococcaceae / Subdoligranulum"
"OTU_97.37903","Root;p__Bacteroidetes;c__Bacteroidia;o__Bacteroidales;f__Rikenellaceae;g__Alistipes","Bacteria","Bacteroidetes","Bacteroidia","Bacteroidales","Rikenellaceae","Alistipes","Rikenellaceae / Alistipes"
"OTU_97.23922","Root;p__Bacteroidetes;c__Bacteroidia;o__Bacteroidales;f__Rikenellaceae;g__Alistipes","Bacteria","Bacteroidetes","Bacteroidia","Bacteroidales","Rikenellaceae","Alistipes","Rikenellaceae / Alistipes"
"OTU_97.15271","Root;p__Bacteroidetes;c__Bacteroidia;o__Bacteroidales;f__Rikenellaceae;g__Alistipes","Bacteria","Bacteroidetes","Bacteroidia","Bacteroidales","Rikenellaceae","Alistipes","Rikenellaceae / Alistipes"
"OTU_97.10619","Root;p__Bacteroidetes;c__Bacteroidia;o__Bacteroidales;f__Rikenellaceae;g__Alistipes","Bacteria","Bacteroidetes","Bacteroidia","Bacteroidales","Rikenellaceae","Alistipes","Rikenellaceae / Alistipes"
"OTU_97.27041","Root;p__Bacteroidetes;c__Bacteroidia;o__Bacteroidales;f__Rikenellaceae;g__Alistipes","Bacteria","Bacteroidetes","Bacteroidia","Bacteroidales","Rikenellaceae","Alistipes","Rikenellaceae / Alistipes"
"OTU_97.10089","Root;p__Bacteroidetes;c__Bacteroidia;o__Bacteroidales;f__Rikenellaceae;g__Alistipes","Bacteria","Bacteroidetes","Bacteroidia","Bacteroidales","Rikenellaceae","Alistipes","Rikenellaceae / Alistipes"
"OTU_97.2847","Root;p__Bacteroidetes;c__Bacteroidia;o__Bacteroidales;f__Rikenellaceae;g__Alistipes","Bacteria","Bacteroidetes","Bacteroidia","Bacteroidales","Rikenellaceae","Alistipes","Rikenellaceae / Alistipes"
"OTU_97.38273","Root;p__Bacteroidetes;c__Bacteroidia;o__Bacteroidales;f__Rikenellaceae;g__Alistipes","Bacteria","Bacteroidetes","Bacteroidia","Bacteroidales","Rikenellaceae","Alistipes","Rikenellaceae / Alistipes"
"OTU_97.35521","Root;p__Bacteroidetes;c__Bacteroidia;o__Bacteroidales;f__Rikenellaceae;g__Alistipes","Bacteria","Bacteroidetes","Bacteroidia","Bacteroidales","Rikenellaceae","Alistipes","Rikenellaceae / Alistipes"
"OTU_97.5287","Root;p__Bacteroidetes;c__Bacteroidia;o__Bacteroidales;f__Rikenellaceae;g__Alistipes","Bacteria","Bacteroidetes","Bacteroidia","Bacteroidales","Rikenellaceae","Alistipes","Rikenellaceae / Alistipes"
"OTU_97.5561","Root;p__Bacteroidetes;c__Bacteroidia;o__Bacteroidales;f__Rikenellaceae;g__Alistipes","Bacteria","Bacteroidetes","Bacteroidia","Bacteroidales","Rikenellaceae","Alistipes","Rikenellaceae / Alistipes"
"OTU_97.57","Root;p__Bacteroidetes;c__Bacteroidia;o__Bacteroidales;f__Rikenellaceae;g__Alistipes","Bacteria","Bacteroidetes","Bacteroidia","Bacteroidales","Rikenellaceae","Alistipes","Rikenellaceae / Alistipes"
"OTU_97.4859","Root;p__Bacteroidetes;c__Bacteroidia;o__Bacteroidales;f__Rikenellaceae;g__Alistipes","Bacteria","Bacteroidetes","Bacteroidia","Bacteroidales","Rikenellaceae","Alistipes","Rikenellaceae / Alistipes"
"OTU_97.294","Root;p__Bacteroidetes;c__Bacteroidia;o__Bacteroidales;f__Rikenellaceae;g__Alistipes","Bacteria","Bacteroidetes","Bacteroidia","Bacteroidales","Rikenellaceae","Alistipes","Rikenellaceae / Alistipes"
"OTU_97.28512","Root;p__Bacteroidetes;c__Bacteroidia;o__Bacteroidales;f__Rikenellaceae;g__Alistipes","Bacteria","Bacteroidetes","Bacteroidia","Bacteroidales","Rikenellaceae","Alistipes","Rikenellaceae / Alistipes"
"OTU_97.1397","Root;p__Bacteroidetes;c__Bacteroidia;o__Bacteroidales;f__Rikenellaceae;g__Alistipes","Bacteria","Bacteroidetes","Bacteroidia","Bacteroidales","Rikenellaceae","Alistipes","Rikenellaceae / Alistipes"
"OTU_97.24025","Root;p__Bacteroidetes;c__Bacteroidia;o__Bacteroidales;f__Rikenellaceae;g__Alistipes","Bacteria","Bacteroidetes","Bacteroidia","Bacteroidales","Rikenellaceae","Alistipes","Rikenellaceae / Alistipes"
"OTU_97.154","Root;p__Bacteroidetes;c__Bacteroidia;o__Bacteroidales;f__Rikenellaceae;g__Alistipes","Bacteria","Bacteroidetes","Bacteroidia","Bacteroidales","Rikenellaceae","Alistipes","Rikenellaceae / Alistipes"
"OTU_97.24168","Root;p__Bacteroidetes;c__Bacteroidia;o__Bacteroidales;f__Rikenellaceae;g__Alistipes","Bacteria","Bacteroidetes","Bacteroidia","Bacteroidales","Rikenellaceae","Alistipes","Rikenellaceae / Alistipes"
"OTU_97.1681","Root;p__Bacteroidetes;c__Bacteroidia;o__Bacteroidales;f__Rikenellaceae;g__Alistipes","Bacteria","Bacteroidetes","Bacteroidia","Bacteroidales","Rikenellaceae","Alistipes","Rikenellaceae / Alistipes"
"OTU_97.144","Root;p__Bacteroidetes;c__Bacteroidia;o__Bacteroidales;f__Rikenellaceae;g__Alistipes","Bacteria","Bacteroidetes","Bacteroidia","Bacteroidales","Rikenellaceae","Alistipes","Rikenellaceae / Alistipes"
"OTU_97.15190","Root;p__Bacteroidetes;c__Bacteroidia;o__Bacteroidales;f__Rikenellaceae;g__Alistipes","Bacteria","Bacteroidetes","Bacteroidia","Bacteroidales","Rikenellaceae","Alistipes","Rikenellaceae / Alistipes"
"OTU_97.184","Root;p__Bacteroidetes;c__Bacteroidia;o__Bacteroidales;f__Rikenellaceae;g__Alistipes","Bacteria","Bacteroidetes","Bacteroidia","Bacteroidales","Rikenellaceae","Alistipes","Rikenellaceae / Alistipes"
"OTU_97.2918","Root;p__Bacteroidetes;c__Bacteroidia;o__Bacteroidales;f__Rikenellaceae;g__Alistipes","Bacteria","Bacteroidetes","Bacteroidia","Bacteroidales","Rikenellaceae","Alistipes","Rikenellaceae / Alistipes"
"OTU_97.6755","Root;p__Bacteroidetes;c__Bacteroidia;o__Bacteroidales;f__Bacteroidaceae;g__Bacteroides","Bacteria","Bacteroidetes","Bacteroidia","Bacteroidales","Bacteroidaceae","Bacteroides","Bacteroidaceae / Bacteroides"
"OTU_97.10101","Root;p__Bacteroidetes;c__Bacteroidia;o__Bacteroidales;f__Bacteroidaceae;g__Bacteroides","Bacteria","Bacteroidetes","Bacteroidia","Bacteroidales","Bacteroidaceae","Bacteroides","Bacteroidaceae / Bacteroides"
"OTU_97.16695","Root;p__Bacteroidetes;c__Bacteroidia;o__Bacteroidales;f__Bacteroidaceae;g__Bacteroides","Bacteria","Bacteroidetes","Bacteroidia","Bacteroidales","Bacteroidaceae","Bacteroides","Bacteroidaceae / Bacteroides"
"OTU_97.28399","Root;p__Bacteroidetes;c__Bacteroidia;o__Bacteroidales;f__Bacteroidaceae;g__Bacteroides","Bacteria","Bacteroidetes","Bacteroidia","Bacteroidales","Bacteroidaceae","Bacteroides","Bacteroidaceae / Bacteroides"
"OTU_97.24927","Root;p__Bacteroidetes;c__Bacteroidia;o__Bacteroidales;f__Bacteroidaceae;g__Bacteroides","Bacteria","Bacteroidetes","Bacteroidia","Bacteroidales","Bacteroidaceae","Bacteroides","Bacteroidaceae / Bacteroides"
"OTU_97.7657","Root;p__Bacteroidetes;c__Bacteroidia;o__Bacteroidales;f__Bacteroidaceae;g__Bacteroides","Bacteria","Bacteroidetes","Bacteroidia","Bacteroidales","Bacteroidaceae","Bacteroides","Bacteroidaceae / Bacteroides"
"OTU_97.4800","Root;p__Bacteroidetes;c__Bacteroidia;o__Bacteroidales;f__Bacteroidaceae;g__Bacteroides","Bacteria","Bacteroidetes","Bacteroidia","Bacteroidales","Bacteroidaceae","Bacteroides","Bacteroidaceae / Bacteroides"
"OTU_97.28748","Root;p__Bacteroidetes;c__Bacteroidia;o__Bacteroidales;f__Bacteroidaceae;g__Bacteroides","Bacteria","Bacteroidetes","Bacteroidia","Bacteroidales","Bacteroidaceae","Bacteroides","Bacteroidaceae / Bacteroides"
"OTU_97.7475","Root;p__Bacteroidetes;c__Bacteroidia;o__Bacteroidales;f__Bacteroidaceae;g__Bacteroides","Bacteria","Bacteroidetes","Bacteroidia","Bacteroidales","Bacteroidaceae","Bacteroides","Bacteroidaceae / Bacteroides"
"OTU_97.43362","Root;p__Bacteroidetes;c__Bacteroidia;o__Bacteroidales;f__Bacteroidaceae;g__Bacteroides","Bacteria","Bacteroidetes","Bacteroidia","Bacteroidales","Bacteroidaceae","Bacteroides","Bacteroidaceae / Bacteroides"
"OTU_97.38958","Root;p__Bacteroidetes;c__Bacteroidia;o__Bacteroidales;f__Bacteroidaceae;g__Bacteroides","Bacteria","Bacteroidetes","Bacteroidia","Bacteroidales","Bacteroidaceae","Bacteroides","Bacteroidaceae / Bacteroides"
"OTU_97.34","Root;p__Bacteroidetes;c__Bacteroidia;o__Bacteroidales;f__Bacteroidaceae;g__Bacteroides","Bacteria","Bacteroidetes","Bacteroidia","Bacteroidales","Bacteroidaceae","Bacteroides","Bacteroidaceae / Bacteroides"
"OTU_97.2297","Root;p__Bacteroidetes;c__Bacteroidia;o__Bacteroidales;f__Bacteroidaceae;g__Bacteroides","Bacteria","Bacteroidetes","Bacteroidia","Bacteroidales","Bacteroidaceae","Bacteroides","Bacteroidaceae / Bacteroides"
"OTU_97.7287","Root;p__Bacteroidetes;c__Bacteroidia;o__Bacteroidales;f__Bacteroidaceae;g__Bacteroides","Bacteria","Bacteroidetes","Bacteroidia","Bacteroidales","Bacteroidaceae","Bacteroides","Bacteroidaceae / Bacteroides"
"OTU_97.34683","Root;p__Bacteroidetes;c__Bacteroidia;o__Bacteroidales;f__Bacteroidaceae;g__Bacteroides","Bacteria","Bacteroidetes","Bacteroidia","Bacteroidales","Bacteroidaceae","Bacteroides","Bacteroidaceae / Bacteroides"
"OTU_97.28526","Root;p__Bacteroidetes;c__Bacteroidia;o__Bacteroidales;f__Bacteroidaceae;g__Bacteroides","Bacteria","Bacteroidetes","Bacteroidia","Bacteroidales","Bacteroidaceae","Bacteroides","Bacteroidaceae / Bacteroides"
"OTU_97.11618","Root;p__Bacteroidetes;c__Bacteroidia;o__Bacteroidales;f__Bacteroidaceae;g__Bacteroides","Bacteria","Bacteroidetes","Bacteroidia","Bacteroidales","Bacteroidaceae","Bacteroides","Bacteroidaceae / Bacteroides"
"OTU_97.24636","Root;p__Bacteroidetes;c__Bacteroidia;o__Bacteroidales;f__Bacteroidaceae;g__Bacteroides","Bacteria","Bacteroidetes","Bacteroidia","Bacteroidales","Bacteroidaceae","Bacteroides","Bacteroidaceae / Bacteroides"
"OTU_97.37987","Root;p__Bacteroidetes;c__Bacteroidia;o__Bacteroidales;f__Bacteroidaceae;g__Bacteroides","Bacteria","Bacteroidetes","Bacteroidia","Bacteroidales","Bacteroidaceae","Bacteroides","Bacteroidaceae / Bacteroides"
"OTU_97.29561","Root;p__Bacteroidetes;c__Bacteroidia;o__Bacteroidales;f__Bacteroidaceae;g__Bacteroides","Bacteria","Bacteroidetes","Bacteroidia","Bacteroidales","Bacteroidaceae","Bacteroides","Bacteroidaceae / Bacteroides"
"OTU_97.33056","Root;p__Bacteroidetes;c__Bacteroidia;o__Bacteroidales;f__Bacteroidaceae;g__Bacteroides","Bacteria","Bacteroidetes","Bacteroidia","Bacteroidales","Bacteroidaceae","Bacteroides","Bacteroidaceae / Bacteroides"
"OTU_97.18153","Root;p__Bacteroidetes;c__Bacteroidia;o__Bacteroidales;f__Bacteroidaceae;g__Bacteroides","Bacteria","Bacteroidetes","Bacteroidia","Bacteroidales","Bacteroidaceae","Bacteroides","Bacteroidaceae / Bacteroides"
"OTU_97.768","Root;p__Bacteroidetes;c__Bacteroidia;o__Bacteroidales;f__Bacteroidaceae;g__Bacteroides","Bacteria","Bacteroidetes","Bacteroidia","Bacteroidales","Bacteroidaceae","Bacteroides","Bacteroidaceae / Bacteroides"
"OTU_97.35237","Root;p__Bacteroidetes;c__Bacteroidia;o__Bacteroidales;f__Bacteroidaceae;g__Bacteroides","Bacteria","Bacteroidetes","Bacteroidia","Bacteroidales","Bacteroidaceae","Bacteroides","Bacteroidaceae / Bacteroides"
"OTU_97.14403","Root;p__Bacteroidetes;c__Bacteroidia;o__Bacteroidales;f__Bacteroidaceae;g__Bacteroides","Bacteria","Bacteroidetes","Bacteroidia","Bacteroidales","Bacteroidaceae","Bacteroides","Bacteroidaceae / Bacteroides"
"OTU_97.32564","Root;p__Bacteroidetes;c__Bacteroidia;o__Bacteroidales;f__Bacteroidaceae;g__Bacteroides","Bacteria","Bacteroidetes","Bacteroidia","Bacteroidales","Bacteroidaceae","Bacteroides","Bacteroidaceae / Bacteroides"
"OTU_97.34458","Root;p__Bacteroidetes;c__Bacteroidia;o__Bacteroidales;f__Bacteroidaceae;g__Bacteroides","Bacteria","Bacteroidetes","Bacteroidia","Bacteroidales","Bacteroidaceae","Bacteroides","Bacteroidaceae / Bacteroides"
"OTU_97.39245","Root;p__Bacteroidetes;c__Bacteroidia;o__Bacteroidales;f__Bacteroidaceae;g__Bacteroides","Bacteria","Bacteroidetes","Bacteroidia","Bacteroidales","Bacteroidaceae","Bacteroides","Bacteroidaceae / Bacteroides"
"OTU_97.14746","Root;p__Bacteroidetes;c__Bacteroidia;o__Bacteroidales;f__Bacteroidaceae;g__Bacteroides","Bacteria","Bacteroidetes","Bacteroidia","Bacteroidales","Bacteroidaceae","Bacteroides","Bacteroidaceae / Bacteroides"
"OTU_97.741","Root;p__Bacteroidetes;c__Bacteroidia;o__Bacteroidales;f__Bacteroidaceae;g__Bacteroides","Bacteria","Bacteroidetes","Bacteroidia","Bacteroidales","Bacteroidaceae","Bacteroides","Bacteroidaceae / Bacteroides"
"OTU_97.18382","Root;p__Bacteroidetes;c__Bacteroidia;o__Bacteroidales;f__Bacteroidaceae;g__Bacteroides","Bacteria","Bacteroidetes","Bacteroidia","Bacteroidales","Bacteroidaceae","Bacteroides","Bacteroidaceae / Bacteroides"
"OTU_97.33679","Root;p__Bacteroidetes;c__Bacteroidia;o__Bacteroidales;f__Bacteroidaceae;g__Bacteroides","Bacteria","Bacteroidetes","Bacteroidia","Bacteroidales","Bacteroidaceae","Bacteroides","Bacteroidaceae / Bacteroides"
"OTU_97.22716","Root;p__Bacteroidetes;c__Bacteroidia;o__Bacteroidales;f__Bacteroidaceae;g__Bacteroides","Bacteria","Bacteroidetes","Bacteroidia","Bacteroidales","Bacteroidaceae","Bacteroides","Bacteroidaceae / Bacteroides"
"OTU_97.24475","Root;p__Bacteroidetes;c__Bacteroidia;o__Bacteroidales;f__Bacteroidaceae;g__Bacteroides","Bacteria","Bacteroidetes","Bacteroidia","Bacteroidales","Bacteroidaceae","Bacteroides","Bacteroidaceae / Bacteroides"
"OTU_97.24870","Root;p__Bacteroidetes;c__Bacteroidia;o__Bacteroidales;f__Bacteroidaceae;g__Bacteroides","Bacteria","Bacteroidetes","Bacteroidia","Bacteroidales","Bacteroidaceae","Bacteroides","Bacteroidaceae / Bacteroides"
"OTU_97.25475","Root;p__Bacteroidetes;c__Bacteroidia;o__Bacteroidales;f__Bacteroidaceae;g__Bacteroides","Bacteria","Bacteroidetes","Bacteroidia","Bacteroidales","Bacteroidaceae","Bacteroides","Bacteroidaceae / Bacteroides"
"OTU_97.29574","Root;p__Bacteroidetes;c__Bacteroidia;o__Bacteroidales;f__Bacteroidaceae;g__Bacteroides","Bacteria","Bacteroidetes","Bacteroidia","Bacteroidales","Bacteroidaceae","Bacteroides","Bacteroidaceae / Bacteroides"
"OTU_97.29803","Root;p__Bacteroidetes;c__Bacteroidia;o__Bacteroidales;f__Bacteroidaceae;g__Bacteroides","Bacteria","Bacteroidetes","Bacteroidia","Bacteroidales","Bacteroidaceae","Bacteroides","Bacteroidaceae / Bacteroides"
"OTU_97.34780","Root;p__Bacteroidetes;c__Bacteroidia;o__Bacteroidales;f__Bacteroidaceae;g__Bacteroides","Bacteria","Bacteroidetes","Bacteroidia","Bacteroidales","Bacteroidaceae","Bacteroides","Bacteroidaceae / Bacteroides"
"OTU_97.34925","Root;p__Bacteroidetes;c__Bacteroidia;o__Bacteroidales;f__Bacteroidaceae;g__Bacteroides","Bacteria","Bacteroidetes","Bacteroidia","Bacteroidales","Bacteroidaceae","Bacteroides","Bacteroidaceae / Bacteroides"
"OTU_97.35176","Root;p__Bacteroidetes;c__Bacteroidia;o__Bacteroidales;f__Bacteroidaceae;g__Bacteroides","Bacteria","Bacteroidetes","Bacteroidia","Bacteroidales","Bacteroidaceae","Bacteroides","Bacteroidaceae / Bacteroides"
"OTU_97.35852","Root;p__Bacteroidetes;c__Bacteroidia;o__Bacteroidales;f__Bacteroidaceae;g__Bacteroides","Bacteria","Bacteroidetes","Bacteroidia","Bacteroidales","Bacteroidaceae","Bacteroides","Bacteroidaceae / Bacteroides"
"OTU_97.38665","Root;p__Bacteroidetes;c__Bacteroidia;o__Bacteroidales;f__Bacteroidaceae;g__Bacteroides","Bacteria","Bacteroidetes","Bacteroidia","Bacteroidales","Bacteroidaceae","Bacteroides","Bacteroidaceae / Bacteroides"
"OTU_97.38720","Root;p__Bacteroidetes;c__Bacteroidia;o__Bacteroidales;f__Bacteroidaceae;g__Bacteroides","Bacteria","Bacteroidetes","Bacteroidia","Bacteroidales","Bacteroidaceae","Bacteroides","Bacteroidaceae / Bacteroides"
"OTU_97.38931","Root;p__Bacteroidetes;c__Bacteroidia;o__Bacteroidales;f__Bacteroidaceae;g__Bacteroides","Bacteria","Bacteroidetes","Bacteroidia","Bacteroidales","Bacteroidaceae","Bacteroides","Bacteroidaceae / Bacteroides"
"OTU_97.39171","Root;p__Bacteroidetes;c__Bacteroidia;o__Bacteroidales;f__Bacteroidaceae;g__Bacteroides","Bacteria","Bacteroidetes","Bacteroidia","Bacteroidales","Bacteroidaceae","Bacteroides","Bacteroidaceae / Bacteroides"
"OTU_97.39459","Root;p__Bacteroidetes;c__Bacteroidia;o__Bacteroidales;f__Bacteroidaceae;g__Bacteroides","Bacteria","Bacteroidetes","Bacteroidia","Bacteroidales","Bacteroidaceae","Bacteroides","Bacteroidaceae / Bacteroides"
"OTU_97.5659","Root;p__Bacteroidetes;c__Bacteroidia;o__Bacteroidales;f__Bacteroidaceae;g__Bacteroides","Bacteria","Bacteroidetes","Bacteroidia","Bacteroidales","Bacteroidaceae","Bacteroides","Bacteroidaceae / Bacteroides"
"OTU_97.734","Root;p__Bacteroidetes;c__Bacteroidia;o__Bacteroidales;f__Bacteroidaceae;g__Bacteroides","Bacteria","Bacteroidetes","Bacteroidia","Bacteroidales","Bacteroidaceae","Bacteroides","Bacteroidaceae / Bacteroides"
"OTU_97.9982","Root;p__Bacteroidetes;c__Bacteroidia;o__Bacteroidales;f__Bacteroidaceae;g__Bacteroides","Bacteria","Bacteroidetes","Bacteroidia","Bacteroidales","Bacteroidaceae","Bacteroides","Bacteroidaceae / Bacteroides"
"OTU_97.14","Root;p__Bacteroidetes;c__Bacteroidia;o__Bacteroidales;f__Bacteroidaceae;g__Bacteroides","Bacteria","Bacteroidetes","Bacteroidia","Bacteroidales","Bacteroidaceae","Bacteroides","Bacteroidaceae / Bacteroides"
"OTU_97.1654","Root;p__Bacteroidetes;c__Bacteroidia;o__Bacteroidales;f__Bacteroidaceae;g__Bacteroides","Bacteria","Bacteroidetes","Bacteroidia","Bacteroidales","Bacteroidaceae","Bacteroides","Bacteroidaceae / Bacteroides"
"OTU_97.10938","Root;p__Bacteroidetes;c__Bacteroidia;o__Bacteroidales;f__Bacteroidaceae;g__Bacteroides","Bacteria","Bacteroidetes","Bacteroidia","Bacteroidales","Bacteroidaceae","Bacteroides","Bacteroidaceae / Bacteroides"
"OTU_97.20215","Root;p__Bacteroidetes;c__Bacteroidia;o__Bacteroidales;f__Bacteroidaceae;g__Bacteroides","Bacteria","Bacteroidetes","Bacteroidia","Bacteroidales","Bacteroidaceae","Bacteroides","Bacteroidaceae / Bacteroides"
"OTU_97.1201","Root;p__Bacteroidetes;c__Bacteroidia;o__Bacteroidales;f__Bacteroidaceae;g__Bacteroides","Bacteria","Bacteroidetes","Bacteroidia","Bacteroidales","Bacteroidaceae","Bacteroides","Bacteroidaceae / Bacteroides"
"OTU_97.5474","Root;p__Bacteroidetes;c__Bacteroidia;o__Bacteroidales;f__Bacteroidaceae;g__Bacteroides","Bacteria","Bacteroidetes","Bacteroidia","Bacteroidales","Bacteroidaceae","Bacteroides","Bacteroidaceae / Bacteroides"
"OTU_97.30402","Root;p__Bacteroidetes;c__Bacteroidia;o__Bacteroidales;f__Bacteroidaceae;g__Bacteroides","Bacteria","Bacteroidetes","Bacteroidia","Bacteroidales","Bacteroidaceae","Bacteroides","Bacteroidaceae / Bacteroides"
"OTU_97.37368","Root;p__Bacteroidetes;c__Bacteroidia;o__Bacteroidales;f__Bacteroidaceae;g__Bacteroides","Bacteria","Bacteroidetes","Bacteroidia","Bacteroidales","Bacteroidaceae","Bacteroides","Bacteroidaceae / Bacteroides"
"OTU_97.23136","Root;p__Bacteroidetes;c__Bacteroidia;o__Bacteroidales;f__Bacteroidaceae;g__Bacteroides","Bacteria","Bacteroidetes","Bacteroidia","Bacteroidales","Bacteroidaceae","Bacteroides","Bacteroidaceae / Bacteroides"
"OTU_97.28270","Root;p__Bacteroidetes;c__Bacteroidia;o__Bacteroidales;f__Bacteroidaceae;g__Bacteroides","Bacteria","Bacteroidetes","Bacteroidia","Bacteroidales","Bacteroidaceae","Bacteroides","Bacteroidaceae / Bacteroides"
"OTU_97.510","Root;p__Bacteroidetes;c__Bacteroidia;o__Bacteroidales;f__Bacteroidaceae;g__Bacteroides","Bacteria","Bacteroidetes","Bacteroidia","Bacteroidales","Bacteroidaceae","Bacteroides","Bacteroidaceae / Bacteroides"
"OTU_97.5894","Root;p__Bacteroidetes;c__Bacteroidia;o__Bacteroidales;f__Bacteroidaceae;g__Bacteroides","Bacteria","Bacteroidetes","Bacteroidia","Bacteroidales","Bacteroidaceae","Bacteroides","Bacteroidaceae / Bacteroides"
"OTU_97.824","Root;p__Bacteroidetes;c__Bacteroidia;o__Bacteroidales;f__Bacteroidaceae;g__Bacteroides","Bacteria","Bacteroidetes","Bacteroidia","Bacteroidales","Bacteroidaceae","Bacteroides","Bacteroidaceae / Bacteroides"
"OTU_97.1693","Root;p__Bacteroidetes;c__Bacteroidia;o__Bacteroidales;f__Bacteroidaceae;g__Bacteroides","Bacteria","Bacteroidetes","Bacteroidia","Bacteroidales","Bacteroidaceae","Bacteroides","Bacteroidaceae / Bacteroides"
"OTU_97.30088","Root;p__Bacteroidetes;c__Bacteroidia;o__Bacteroidales;f__Bacteroidaceae;g__Bacteroides","Bacteria","Bacteroidetes","Bacteroidia","Bacteroidales","Bacteroidaceae","Bacteroides","Bacteroidaceae / Bacteroides"
"OTU_97.29317","Root;p__Bacteroidetes;c__Bacteroidia;o__Bacteroidales;f__Bacteroidaceae;g__Bacteroides","Bacteria","Bacteroidetes","Bacteroidia","Bacteroidales","Bacteroidaceae","Bacteroides","Bacteroidaceae / Bacteroides"
"OTU_97.28280","Root;p__Bacteroidetes;c__Bacteroidia;o__Bacteroidales;f__Bacteroidaceae;g__Bacteroides","Bacteria","Bacteroidetes","Bacteroidia","Bacteroidales","Bacteroidaceae","Bacteroides","Bacteroidaceae / Bacteroides"
"OTU_97.8409","Root;p__Bacteroidetes;c__Bacteroidia;o__Bacteroidales;f__Bacteroidaceae;g__Bacteroides","Bacteria","Bacteroidetes","Bacteroidia","Bacteroidales","Bacteroidaceae","Bacteroides","Bacteroidaceae / Bacteroides"
"OTU_97.38818","Root;p__Bacteroidetes;c__Bacteroidia;o__Bacteroidales;f__Bacteroidaceae;g__Bacteroides","Bacteria","Bacteroidetes","Bacteroidia","Bacteroidales","Bacteroidaceae","Bacteroides","Bacteroidaceae / Bacteroides"
"OTU_97.11972","Root;p__Bacteroidetes;c__Bacteroidia;o__Bacteroidales;f__Bacteroidaceae;g__Bacteroides","Bacteria","Bacteroidetes","Bacteroidia","Bacteroidales","Bacteroidaceae","Bacteroides","Bacteroidaceae / Bacteroides"
"OTU_97.10385","Root;p__Bacteroidetes;c__Bacteroidia;o__Bacteroidales;f__Bacteroidaceae;g__Bacteroides","Bacteria","Bacteroidetes","Bacteroidia","Bacteroidales","Bacteroidaceae","Bacteroides","Bacteroidaceae / Bacteroides"
"OTU_97.232","Root;p__Bacteroidetes;c__Bacteroidia;o__Bacteroidales;f__Bacteroidaceae;g__Bacteroides","Bacteria","Bacteroidetes","Bacteroidia","Bacteroidales","Bacteroidaceae","Bacteroides","Bacteroidaceae / Bacteroides"
"OTU_97.41706","Root;p__Bacteroidetes;c__Bacteroidia;o__Bacteroidales;f__Bacteroidaceae;g__Bacteroides","Bacteria","Bacteroidetes","Bacteroidia","Bacteroidales","Bacteroidaceae","Bacteroides","Bacteroidaceae / Bacteroides"
"OTU_97.186","Root;p__Bacteroidetes;c__Bacteroidia;o__Bacteroidales;f__Bacteroidaceae;g__Bacteroides","Bacteria","Bacteroidetes","Bacteroidia","Bacteroidales","Bacteroidaceae","Bacteroides","Bacteroidaceae / Bacteroides"
"OTU_97.1779","Root;p__Bacteroidetes;c__Bacteroidia;o__Bacteroidales;f__Bacteroidaceae;g__Bacteroides","Bacteria","Bacteroidetes","Bacteroidia","Bacteroidales","Bacteroidaceae","Bacteroides","Bacteroidaceae / Bacteroides"
"OTU_97.37","Root;p__Bacteroidetes;c__Bacteroidia;o__Bacteroidales;f__Bacteroidaceae;g__Bacteroides","Bacteria","Bacteroidetes","Bacteroidia","Bacteroidales","Bacteroidaceae","Bacteroides","Bacteroidaceae / Bacteroides"
"OTU_97.24809","Root;p__Bacteroidetes;c__Bacteroidia;o__Bacteroidales;f__Bacteroidaceae;g__Bacteroides","Bacteria","Bacteroidetes","Bacteroidia","Bacteroidales","Bacteroidaceae","Bacteroides","Bacteroidaceae / Bacteroides"
"OTU_97.12279","Root;p__Bacteroidetes;c__Bacteroidia;o__Bacteroidales;f__Bacteroidaceae;g__Bacteroides","Bacteria","Bacteroidetes","Bacteroidia","Bacteroidales","Bacteroidaceae","Bacteroides","Bacteroidaceae / Bacteroides"
"OTU_97.36155","Root;p__Bacteroidetes;c__Bacteroidia;o__Bacteroidales;f__Bacteroidaceae;g__Bacteroides","Bacteria","Bacteroidetes","Bacteroidia","Bacteroidales","Bacteroidaceae","Bacteroides","Bacteroidaceae / Bacteroides"
"OTU_97.13028","Root;p__Bacteroidetes;c__Bacteroidia;o__Bacteroidales;f__Bacteroidaceae;g__Bacteroides","Bacteria","Bacteroidetes","Bacteroidia","Bacteroidales","Bacteroidaceae","Bacteroides","Bacteroidaceae / Bacteroides"
"OTU_97.41577","Root;p__Bacteroidetes;c__Bacteroidia;o__Bacteroidales;f__Bacteroidaceae;g__Bacteroides","Bacteria","Bacteroidetes","Bacteroidia","Bacteroidales","Bacteroidaceae","Bacteroides","Bacteroidaceae / Bacteroides"
"OTU_97.6625","Root;p__Bacteroidetes;c__Bacteroidia;o__Bacteroidales;f__Bacteroidaceae;g__Bacteroides","Bacteria","Bacteroidetes","Bacteroidia","Bacteroidales","Bacteroidaceae","Bacteroides","Bacteroidaceae / Bacteroides"
"OTU_97.16529","Root;p__Bacteroidetes;c__Bacteroidia;o__Bacteroidales;f__Bacteroidaceae;g__Bacteroides","Bacteria","Bacteroidetes","Bacteroidia","Bacteroidales","Bacteroidaceae","Bacteroides","Bacteroidaceae / Bacteroides"
"OTU_97.34479","Root;p__Bacteroidetes;c__Bacteroidia;o__Bacteroidales;f__Bacteroidaceae;g__Bacteroides","Bacteria","Bacteroidetes","Bacteroidia","Bacteroidales","Bacteroidaceae","Bacteroides","Bacteroidaceae / Bacteroides"
"OTU_97.13004","Root;p__Bacteroidetes;c__Bacteroidia;o__Bacteroidales;f__Bacteroidaceae;g__Bacteroides","Bacteria","Bacteroidetes","Bacteroidia","Bacteroidales","Bacteroidaceae","Bacteroides","Bacteroidaceae / Bacteroides"
"OTU_97.16539","Root;p__Bacteroidetes;c__Bacteroidia;o__Bacteroidales;f__Bacteroidaceae;g__Bacteroides","Bacteria","Bacteroidetes","Bacteroidia","Bacteroidales","Bacteroidaceae","Bacteroides","Bacteroidaceae / Bacteroides"
"OTU_97.34528","Root;p__Bacteroidetes;c__Bacteroidia;o__Bacteroidales;f__Bacteroidaceae;g__Bacteroides","Bacteria","Bacteroidetes","Bacteroidia","Bacteroidales","Bacteroidaceae","Bacteroides","Bacteroidaceae / Bacteroides"
"OTU_97.22261","Root;p__Bacteroidetes;c__Bacteroidia;o__Bacteroidales;f__Bacteroidaceae;g__Bacteroides","Bacteria","Bacteroidetes","Bacteroidia","Bacteroidales","Bacteroidaceae","Bacteroides","Bacteroidaceae / Bacteroides"
"OTU_97.19082","Root;p__Bacteroidetes;c__Bacteroidia;o__Bacteroidales;f__Bacteroidaceae;g__Bacteroides","Bacteria","Bacteroidetes","Bacteroidia","Bacteroidales","Bacteroidaceae","Bacteroides","Bacteroidaceae / Bacteroides"
"OTU_97.26863","Root;p__Bacteroidetes;c__Bacteroidia;o__Bacteroidales;f__Bacteroidaceae;g__Bacteroides","Bacteria","Bacteroidetes","Bacteroidia","Bacteroidales","Bacteroidaceae","Bacteroides","Bacteroidaceae / Bacteroides"
"OTU_97.10485","Root;p__Bacteroidetes;c__Bacteroidia;o__Bacteroidales;f__Bacteroidaceae;g__Bacteroides","Bacteria","Bacteroidetes","Bacteroidia","Bacteroidales","Bacteroidaceae","Bacteroides","Bacteroidaceae / Bacteroides"
"OTU_97.41853","Root;p__Bacteroidetes;c__Bacteroidia;o__Bacteroidales;f__Bacteroidaceae;g__Bacteroides","Bacteria","Bacteroidetes","Bacteroidia","Bacteroidales","Bacteroidaceae","Bacteroides","Bacteroidaceae / Bacteroides"
"OTU_97.28027","Root;p__Bacteroidetes;c__Bacteroidia;o__Bacteroidales;f__Bacteroidaceae;g__Bacteroides","Bacteria","Bacteroidetes","Bacteroidia","Bacteroidales","Bacteroidaceae","Bacteroides","Bacteroidaceae / Bacteroides"
"OTU_97.14926","Root;p__Bacteroidetes;c__Bacteroidia;o__Bacteroidales;f__Bacteroidaceae;g__Bacteroides","Bacteria","Bacteroidetes","Bacteroidia","Bacteroidales","Bacteroidaceae","Bacteroides","Bacteroidaceae / Bacteroides"
"OTU_97.22576","Root;p__Bacteroidetes;c__Bacteroidia;o__Bacteroidales;f__Bacteroidaceae;g__Bacteroides","Bacteria","Bacteroidetes","Bacteroidia","Bacteroidales","Bacteroidaceae","Bacteroides","Bacteroidaceae / Bacteroides"
"OTU_97.34703","Root;p__Bacteroidetes;c__Bacteroidia;o__Bacteroidales;f__Bacteroidaceae;g__Bacteroides","Bacteria","Bacteroidetes","Bacteroidia","Bacteroidales","Bacteroidaceae","Bacteroides","Bacteroidaceae / Bacteroides"
"OTU_97.29005","Root;p__Bacteroidetes;c__Bacteroidia;o__Bacteroidales;f__Bacteroidaceae;g__Bacteroides","Bacteria","Bacteroidetes","Bacteroidia","Bacteroidales","Bacteroidaceae","Bacteroides","Bacteroidaceae / Bacteroides"
"OTU_97.14061","Root;p__Bacteroidetes;c__Bacteroidia;o__Bacteroidales;f__Bacteroidaceae;g__Bacteroides","Bacteria","Bacteroidetes","Bacteroidia","Bacteroidales","Bacteroidaceae","Bacteroides","Bacteroidaceae / Bacteroides"
"OTU_97.20153","Root;p__Bacteroidetes;c__Bacteroidia;o__Bacteroidales;f__Bacteroidaceae;g__Bacteroides","Bacteria","Bacteroidetes","Bacteroidia","Bacteroidales","Bacteroidaceae","Bacteroides","Bacteroidaceae / Bacteroides"
"OTU_97.2464","Root;p__Bacteroidetes;c__Bacteroidia;o__Bacteroidales;f__Bacteroidaceae;g__Bacteroides","Bacteria","Bacteroidetes","Bacteroidia","Bacteroidales","Bacteroidaceae","Bacteroides","Bacteroidaceae / Bacteroides"
"OTU_97.18729","Root;p__Bacteroidetes;c__Bacteroidia;o__Bacteroidales;f__Bacteroidaceae;g__Bacteroides","Bacteria","Bacteroidetes","Bacteroidia","Bacteroidales","Bacteroidaceae","Bacteroides","Bacteroidaceae / Bacteroides"
"OTU_97.3911","Root;p__Bacteroidetes;c__Bacteroidia;o__Bacteroidales;f__Bacteroidaceae;g__Bacteroides","Bacteria","Bacteroidetes","Bacteroidia","Bacteroidales","Bacteroidaceae","Bacteroides","Bacteroidaceae / Bacteroides"
"OTU_97.24464","Root;p__Bacteroidetes;c__Bacteroidia;o__Bacteroidales;f__Bacteroidaceae;g__Bacteroides","Bacteria","Bacteroidetes","Bacteroidia","Bacteroidales","Bacteroidaceae","Bacteroides","Bacteroidaceae / Bacteroides"
"OTU_97.1677","Root;p__Bacteroidetes;c__Bacteroidia;o__Bacteroidales;f__Bacteroidaceae;g__Bacteroides","Bacteria","Bacteroidetes","Bacteroidia","Bacteroidales","Bacteroidaceae","Bacteroides","Bacteroidaceae / Bacteroides"
"OTU_97.34371","Root;p__Bacteroidetes;c__Bacteroidia;o__Bacteroidales;f__Bacteroidaceae;g__Bacteroides","Bacteria","Bacteroidetes","Bacteroidia","Bacteroidales","Bacteroidaceae","Bacteroides","Bacteroidaceae / Bacteroides"
"OTU_97.13450","Root;p__Bacteroidetes;c__Bacteroidia;o__Bacteroidales;f__Bacteroidaceae;g__Bacteroides","Bacteria","Bacteroidetes","Bacteroidia","Bacteroidales","Bacteroidaceae","Bacteroides","Bacteroidaceae / Bacteroides"
"OTU_97.73","Root;p__Bacteroidetes;c__Bacteroidia;o__Bacteroidales;f__Bacteroidaceae;g__Bacteroides","Bacteria","Bacteroidetes","Bacteroidia","Bacteroidales","Bacteroidaceae","Bacteroides","Bacteroidaceae / Bacteroides"
"OTU_97.40820","Root;p__Bacteroidetes;c__Bacteroidia;o__Bacteroidales;f__Bacteroidaceae;g__Bacteroides","Bacteria","Bacteroidetes","Bacteroidia","Bacteroidales","Bacteroidaceae","Bacteroides","Bacteroidaceae / Bacteroides"
"OTU_97.21012","Root;p__Bacteroidetes;c__Bacteroidia;o__Bacteroidales;f__Bacteroidaceae;g__Bacteroides","Bacteria","Bacteroidetes","Bacteroidia","Bacteroidales","Bacteroidaceae","Bacteroides","Bacteroidaceae / Bacteroides"
"OTU_97.11659","Root;p__Bacteroidetes;c__Bacteroidia;o__Bacteroidales;f__Bacteroidaceae;g__Bacteroides","Bacteria","Bacteroidetes","Bacteroidia","Bacteroidales","Bacteroidaceae","Bacteroides","Bacteroidaceae / Bacteroides"
"OTU_97.32087","Root;p__Bacteroidetes;c__Bacteroidia;o__Bacteroidales;f__Bacteroidaceae;g__Bacteroides","Bacteria","Bacteroidetes","Bacteroidia","Bacteroidales","Bacteroidaceae","Bacteroides","Bacteroidaceae / Bacteroides"
"OTU_97.5785","Root;p__Bacteroidetes;c__Bacteroidia;o__Bacteroidales;f__Bacteroidaceae;g__Bacteroides","Bacteria","Bacteroidetes","Bacteroidia","Bacteroidales","Bacteroidaceae","Bacteroides","Bacteroidaceae / Bacteroides"
"OTU_97.14116","Root;p__Bacteroidetes;c__Bacteroidia;o__Bacteroidales;f__Bacteroidaceae;g__Bacteroides","Bacteria","Bacteroidetes","Bacteroidia","Bacteroidales","Bacteroidaceae","Bacteroides","Bacteroidaceae / Bacteroides"
"OTU_97.10428","Root;p__Bacteroidetes;c__Bacteroidia;o__Bacteroidales;f__Bacteroidaceae;g__Bacteroides","Bacteria","Bacteroidetes","Bacteroidia","Bacteroidales","Bacteroidaceae","Bacteroides","Bacteroidaceae / Bacteroides"
"OTU_97.19163","Root;p__Bacteroidetes;c__Bacteroidia;o__Bacteroidales;f__Bacteroidaceae;g__Bacteroides","Bacteria","Bacteroidetes","Bacteroidia","Bacteroidales","Bacteroidaceae","Bacteroides","Bacteroidaceae / Bacteroides"
"OTU_97.33220","Root;p__Bacteroidetes;c__Bacteroidia;o__Bacteroidales;f__Bacteroidaceae;g__Bacteroides","Bacteria","Bacteroidetes","Bacteroidia","Bacteroidales","Bacteroidaceae","Bacteroides","Bacteroidaceae / Bacteroides"
"OTU_97.121","Root;p__Bacteroidetes;c__Bacteroidia;o__Bacteroidales;f__Bacteroidaceae;g__Bacteroides","Bacteria","Bacteroidetes","Bacteroidia","Bacteroidales","Bacteroidaceae","Bacteroides","Bacteroidaceae / Bacteroides"
"OTU_97.22041","Root;p__Bacteroidetes;c__Bacteroidia;o__Bacteroidales;f__Bacteroidaceae;g__Bacteroides","Bacteria","Bacteroidetes","Bacteroidia","Bacteroidales","Bacteroidaceae","Bacteroides","Bacteroidaceae / Bacteroides"
"OTU_97.25726","Root;p__Bacteroidetes;c__Bacteroidia;o__Bacteroidales;f__Bacteroidaceae;g__Bacteroides","Bacteria","Bacteroidetes","Bacteroidia","Bacteroidales","Bacteroidaceae","Bacteroides","Bacteroidaceae / Bacteroides"
"OTU_97.3324","Root;p__Bacteroidetes;c__Bacteroidia;o__Bacteroidales;f__Bacteroidaceae;g__Bacteroides","Bacteria","Bacteroidetes","Bacteroidia","Bacteroidales","Bacteroidaceae","Bacteroides","Bacteroidaceae / Bacteroides"
"OTU_97.9451","Root;p__Bacteroidetes;c__Bacteroidia;o__Bacteroidales;f__Bacteroidaceae;g__Bacteroides","Bacteria","Bacteroidetes","Bacteroidia","Bacteroidales","Bacteroidaceae","Bacteroides","Bacteroidaceae / Bacteroides"
"OTU_97.39984","Root;p__Bacteroidetes;c__Bacteroidia;o__Bacteroidales;f__Bacteroidaceae;g__Bacteroides","Bacteria","Bacteroidetes","Bacteroidia","Bacteroidales","Bacteroidaceae","Bacteroides","Bacteroidaceae / Bacteroides"
"OTU_97.5074","Root;p__Bacteroidetes;c__Bacteroidia;o__Bacteroidales;f__Bacteroidaceae;g__Bacteroides","Bacteria","Bacteroidetes","Bacteroidia","Bacteroidales","Bacteroidaceae","Bacteroides","Bacteroidaceae / Bacteroides"
"OTU_97.41989","Root;p__Bacteroidetes;c__Bacteroidia;o__Bacteroidales;f__Bacteroidaceae;g__Bacteroides","Bacteria","Bacteroidetes","Bacteroidia","Bacteroidales","Bacteroidaceae","Bacteroides","Bacteroidaceae / Bacteroides"
"OTU_97.29794","Root;p__Bacteroidetes;c__Bacteroidia;o__Bacteroidales;f__Bacteroidaceae;g__Bacteroides","Bacteria","Bacteroidetes","Bacteroidia","Bacteroidales","Bacteroidaceae","Bacteroides","Bacteroidaceae / Bacteroides"
"OTU_97.43210","Root;p__Bacteroidetes;c__Bacteroidia;o__Bacteroidales;f__Bacteroidaceae;g__Bacteroides","Bacteria","Bacteroidetes","Bacteroidia","Bacteroidales","Bacteroidaceae","Bacteroides","Bacteroidaceae / Bacteroides"
"OTU_97.43632","Root;p__Bacteroidetes;c__Bacteroidia;o__Bacteroidales;f__Bacteroidaceae;g__Bacteroides","Bacteria","Bacteroidetes","Bacteroidia","Bacteroidales","Bacteroidaceae","Bacteroides","Bacteroidaceae / Bacteroides"
"OTU_97.8514","Root;p__Bacteroidetes;c__Bacteroidia;o__Bacteroidales;f__Bacteroidaceae;g__Bacteroides","Bacteria","Bacteroidetes","Bacteroidia","Bacteroidales","Bacteroidaceae","Bacteroides","Bacteroidaceae / Bacteroides"
"OTU_97.40762","Root;p__Bacteroidetes;c__Bacteroidia;o__Bacteroidales;f__Bacteroidaceae;g__Bacteroides","Bacteria","Bacteroidetes","Bacteroidia","Bacteroidales","Bacteroidaceae","Bacteroides","Bacteroidaceae / Bacteroides"
"OTU_97.14259","Root;p__Bacteroidetes;c__Bacteroidia;o__Bacteroidales;f__Bacteroidaceae;g__Bacteroides","Bacteria","Bacteroidetes","Bacteroidia","Bacteroidales","Bacteroidaceae","Bacteroides","Bacteroidaceae / Bacteroides"
"OTU_97.59","Root;p__Bacteroidetes;c__Bacteroidia;o__Bacteroidales;f__Bacteroidaceae;g__Bacteroides","Bacteria","Bacteroidetes","Bacteroidia","Bacteroidales","Bacteroidaceae","Bacteroides","Bacteroidaceae / Bacteroides"
"OTU_97.30556","Root;p__Bacteroidetes;c__Bacteroidia;o__Bacteroidales;f__Bacteroidaceae;g__Bacteroides","Bacteria","Bacteroidetes","Bacteroidia","Bacteroidales","Bacteroidaceae","Bacteroides","Bacteroidaceae / Bacteroides"
"OTU_97.7542","Root;p__Bacteroidetes;c__Bacteroidia;o__Bacteroidales;f__Bacteroidaceae;g__Bacteroides","Bacteria","Bacteroidetes","Bacteroidia","Bacteroidales","Bacteroidaceae","Bacteroides","Bacteroidaceae / Bacteroides"
"OTU_97.36771","Root;p__Bacteroidetes;c__Bacteroidia;o__Bacteroidales;f__Bacteroidaceae;g__Bacteroides","Bacteria","Bacteroidetes","Bacteroidia","Bacteroidales","Bacteroidaceae","Bacteroides","Bacteroidaceae / Bacteroides"
"OTU_97.8830","Root;p__Bacteroidetes;c__Bacteroidia;o__Bacteroidales;f__Bacteroidaceae;g__Bacteroides","Bacteria","Bacteroidetes","Bacteroidia","Bacteroidales","Bacteroidaceae","Bacteroides","Bacteroidaceae / Bacteroides"
"OTU_97.31673","Root;p__Bacteroidetes;c__Bacteroidia;o__Bacteroidales;f__Bacteroidaceae;g__Bacteroides","Bacteria","Bacteroidetes","Bacteroidia","Bacteroidales","Bacteroidaceae","Bacteroides","Bacteroidaceae / Bacteroides"
"OTU_97.36663","Root;p__Bacteroidetes;c__Bacteroidia;o__Bacteroidales;f__Bacteroidaceae;g__Bacteroides","Bacteria","Bacteroidetes","Bacteroidia","Bacteroidales","Bacteroidaceae","Bacteroides","Bacteroidaceae / Bacteroides"
"OTU_97.22942","Root;p__Bacteroidetes;c__Bacteroidia;o__Bacteroidales;f__Bacteroidaceae;g__Bacteroides","Bacteria","Bacteroidetes","Bacteroidia","Bacteroidales","Bacteroidaceae","Bacteroides","Bacteroidaceae / Bacteroides"
"OTU_97.26883","Root;p__Bacteroidetes;c__Bacteroidia;o__Bacteroidales;f__Bacteroidaceae;g__Bacteroides","Bacteria","Bacteroidetes","Bacteroidia","Bacteroidales","Bacteroidaceae","Bacteroides","Bacteroidaceae / Bacteroides"
"OTU_97.1486","Root;p__Bacteroidetes;c__Bacteroidia;o__Bacteroidales;f__Bacteroidaceae;g__Bacteroides","Bacteria","Bacteroidetes","Bacteroidia","Bacteroidales","Bacteroidaceae","Bacteroides","Bacteroidaceae / Bacteroides"
"OTU_97.13522","Root;p__Bacteroidetes;c__Bacteroidia;o__Bacteroidales;f__Bacteroidaceae;g__Bacteroides","Bacteria","Bacteroidetes","Bacteroidia","Bacteroidales","Bacteroidaceae","Bacteroides","Bacteroidaceae / Bacteroides"
"OTU_97.43425","Root;p__Bacteroidetes;c__Bacteroidia;o__Bacteroidales;f__Bacteroidaceae;g__Bacteroides","Bacteria","Bacteroidetes","Bacteroidia","Bacteroidales","Bacteroidaceae","Bacteroides","Bacteroidaceae / Bacteroides"
"OTU_97.6433","Root;p__Bacteroidetes;c__Bacteroidia;o__Bacteroidales;f__Bacteroidaceae;g__Bacteroides","Bacteria","Bacteroidetes","Bacteroidia","Bacteroidales","Bacteroidaceae","Bacteroides","Bacteroidaceae / Bacteroides"
"OTU_97.43637","Root;p__Bacteroidetes;c__Bacteroidia;o__Bacteroidales;f__Bacteroidaceae;g__Bacteroides","Bacteria","Bacteroidetes","Bacteroidia","Bacteroidales","Bacteroidaceae","Bacteroides","Bacteroidaceae / Bacteroides"
"OTU_97.9316","Root;p__Bacteroidetes;c__Bacteroidia;o__Bacteroidales;f__Bacteroidaceae;g__Bacteroides","Bacteria","Bacteroidetes","Bacteroidia","Bacteroidales","Bacteroidaceae","Bacteroides","Bacteroidaceae / Bacteroides"
"OTU_97.951","Root;p__Bacteroidetes;c__Bacteroidia;o__Bacteroidales;f__Bacteroidaceae;g__Bacteroides","Bacteria","Bacteroidetes","Bacteroidia","Bacteroidales","Bacteroidaceae","Bacteroides","Bacteroidaceae / Bacteroides"
"OTU_97.18018","Root;p__Bacteroidetes;c__Bacteroidia;o__Bacteroidales;f__Bacteroidaceae;g__Bacteroides","Bacteria","Bacteroidetes","Bacteroidia","Bacteroidales","Bacteroidaceae","Bacteroides","Bacteroidaceae / Bacteroides"
"OTU_97.12419","Root;p__Bacteroidetes;c__Bacteroidia;o__Bacteroidales;f__Bacteroidaceae;g__Bacteroides","Bacteria","Bacteroidetes","Bacteroidia","Bacteroidales","Bacteroidaceae","Bacteroides","Bacteroidaceae / Bacteroides"
"OTU_97.15133","Root;p__Bacteroidetes;c__Bacteroidia;o__Bacteroidales;f__Bacteroidaceae;g__Bacteroides","Bacteria","Bacteroidetes","Bacteroidia","Bacteroidales","Bacteroidaceae","Bacteroides","Bacteroidaceae / Bacteroides"
"OTU_97.43023","Root;p__Bacteroidetes;c__Bacteroidia;o__Bacteroidales;f__Bacteroidaceae;g__Bacteroides","Bacteria","Bacteroidetes","Bacteroidia","Bacteroidales","Bacteroidaceae","Bacteroides","Bacteroidaceae / Bacteroides"
"OTU_97.31553","Root;p__Bacteroidetes;c__Bacteroidia;o__Bacteroidales;f__Bacteroidaceae;g__Bacteroides","Bacteria","Bacteroidetes","Bacteroidia","Bacteroidales","Bacteroidaceae","Bacteroides","Bacteroidaceae / Bacteroides"
"OTU_97.152","Root;p__Bacteroidetes;c__Bacteroidia;o__Bacteroidales;f__Bacteroidaceae;g__Bacteroides","Bacteria","Bacteroidetes","Bacteroidia","Bacteroidales","Bacteroidaceae","Bacteroides","Bacteroidaceae / Bacteroides"
"OTU_97.3161","Root;p__Bacteroidetes;c__Bacteroidia;o__Bacteroidales;f__Bacteroidaceae;g__Bacteroides","Bacteria","Bacteroidetes","Bacteroidia","Bacteroidales","Bacteroidaceae","Bacteroides","Bacteroidaceae / Bacteroides"
"OTU_97.3545","Root;p__Bacteroidetes;c__Bacteroidia;o__Bacteroidales;f__Bacteroidaceae;g__Bacteroides","Bacteria","Bacteroidetes","Bacteroidia","Bacteroidales","Bacteroidaceae","Bacteroides","Bacteroidaceae / Bacteroides"
"OTU_97.13145","Root;p__Bacteroidetes;c__Bacteroidia;o__Bacteroidales;f__Bacteroidaceae;g__Bacteroides","Bacteria","Bacteroidetes","Bacteroidia","Bacteroidales","Bacteroidaceae","Bacteroides","Bacteroidaceae / Bacteroides"
"OTU_97.404","Root;p__Bacteroidetes;c__Bacteroidia;o__Bacteroidales;f__Bacteroidaceae;g__Bacteroides","Bacteria","Bacteroidetes","Bacteroidia","Bacteroidales","Bacteroidaceae","Bacteroides","Bacteroidaceae / Bacteroides"
"OTU_97.13820","Root;p__Bacteroidetes;c__Bacteroidia;o__Bacteroidales;f__Porphyromonadaceae;g__Parabacteroides","Bacteria","Bacteroidetes","Bacteroidia","Bacteroidales","Porphyromonadaceae","Parabacteroides","Porphyromonadaceae / Parabacteroides"
"OTU_97.33897","Root;p__Bacteroidetes;c__Bacteroidia;o__Bacteroidales;f__Porphyromonadaceae;g__Parabacteroides","Bacteria","Bacteroidetes","Bacteroidia","Bacteroidales","Porphyromonadaceae","Parabacteroides","Porphyromonadaceae / Parabacteroides"
"OTU_97.20597","Root;p__Bacteroidetes;c__Bacteroidia;o__Bacteroidales;f__Porphyromonadaceae;g__Parabacteroides","Bacteria","Bacteroidetes","Bacteroidia","Bacteroidales","Porphyromonadaceae","Parabacteroides","Porphyromonadaceae / Parabacteroides"
"OTU_97.170","Root;p__Bacteroidetes;c__Bacteroidia;o__Bacteroidales;f__Porphyromonadaceae;g__Parabacteroides","Bacteria","Bacteroidetes","Bacteroidia","Bacteroidales","Porphyromonadaceae","Parabacteroides","Porphyromonadaceae / Parabacteroides"
"OTU_97.41441","Root;p__Bacteroidetes;c__Bacteroidia;o__Bacteroidales;f__Porphyromonadaceae;g__Parabacteroides","Bacteria","Bacteroidetes","Bacteroidia","Bacteroidales","Porphyromonadaceae","Parabacteroides","Porphyromonadaceae / Parabacteroides"
"OTU_97.41948","Root;p__Bacteroidetes;c__Bacteroidia;o__Bacteroidales;f__Porphyromonadaceae;g__Parabacteroides","Bacteria","Bacteroidetes","Bacteroidia","Bacteroidales","Porphyromonadaceae","Parabacteroides","Porphyromonadaceae / Parabacteroides"
"OTU_97.33390","Root;p__Bacteroidetes;c__Bacteroidia;o__Bacteroidales;f__Porphyromonadaceae;g__Parabacteroides","Bacteria","Bacteroidetes","Bacteroidia","Bacteroidales","Porphyromonadaceae","Parabacteroides","Porphyromonadaceae / Parabacteroides"
"OTU_97.1635","Root;p__Bacteroidetes;c__Bacteroidia;o__Bacteroidales;f__Porphyromonadaceae;g__Parabacteroides","Bacteria","Bacteroidetes","Bacteroidia","Bacteroidales","Porphyromonadaceae","Parabacteroides","Porphyromonadaceae / Parabacteroides"
"OTU_97.23009","Root;p__Bacteroidetes;c__Bacteroidia;o__Bacteroidales;f__Porphyromonadaceae;g__Parabacteroides","Bacteria","Bacteroidetes","Bacteroidia","Bacteroidales","Porphyromonadaceae","Parabacteroides","Porphyromonadaceae / Parabacteroides"
"OTU_97.11641","Root;p__Bacteroidetes;c__Bacteroidia;o__Bacteroidales;f__Porphyromonadaceae;g__Parabacteroides","Bacteria","Bacteroidetes","Bacteroidia","Bacteroidales","Porphyromonadaceae","Parabacteroides","Porphyromonadaceae / Parabacteroides"
"OTU_97.86","Root;p__Bacteroidetes;c__Bacteroidia;o__Bacteroidales;f__Porphyromonadaceae;g__Parabacteroides","Bacteria","Bacteroidetes","Bacteroidia","Bacteroidales","Porphyromonadaceae","Parabacteroides","Porphyromonadaceae / Parabacteroides"
"OTU_97.16034","Root;p__Bacteroidetes;c__Bacteroidia;o__Bacteroidales;f__Porphyromonadaceae;g__Parabacteroides","Bacteria","Bacteroidetes","Bacteroidia","Bacteroidales","Porphyromonadaceae","Parabacteroides","Porphyromonadaceae / Parabacteroides"
"OTU_97.36559","Root;p__Bacteroidetes;c__Bacteroidia;o__Bacteroidales;f__Porphyromonadaceae;g__Parabacteroides","Bacteria","Bacteroidetes","Bacteroidia","Bacteroidales","Porphyromonadaceae","Parabacteroides","Porphyromonadaceae / Parabacteroides"
"OTU_97.27883","Root;p__Bacteroidetes;c__Bacteroidia;o__Bacteroidales;f__Porphyromonadaceae;g__Parabacteroides","Bacteria","Bacteroidetes","Bacteroidia","Bacteroidales","Porphyromonadaceae","Parabacteroides","Porphyromonadaceae / Parabacteroides"
"OTU_97.34765","Root;p__Bacteroidetes;c__Bacteroidia;o__Bacteroidales;f__Porphyromonadaceae;g__Parabacteroides","Bacteria","Bacteroidetes","Bacteroidia","Bacteroidales","Porphyromonadaceae","Parabacteroides","Porphyromonadaceae / Parabacteroides"
"OTU_97.43213","Root;p__Bacteroidetes;c__Bacteroidia;o__Bacteroidales;f__Porphyromonadaceae;g__Parabacteroides","Bacteria","Bacteroidetes","Bacteroidia","Bacteroidales","Porphyromonadaceae","Parabacteroides","Porphyromonadaceae / Parabacteroides"
"OTU_97.13936","Root;p__Bacteroidetes;c__Bacteroidia;o__Bacteroidales;f__Porphyromonadaceae;g__Parabacteroides","Bacteria","Bacteroidetes","Bacteroidia","Bacteroidales","Porphyromonadaceae","Parabacteroides","Porphyromonadaceae / Parabacteroides"
"OTU_97.3002","Root;p__Bacteroidetes;c__Bacteroidia;o__Bacteroidales;f__Porphyromonadaceae;g__Parabacteroides","Bacteria","Bacteroidetes","Bacteroidia","Bacteroidales","Porphyromonadaceae","Parabacteroides","Porphyromonadaceae / Parabacteroides"
"OTU_97.25028","Root;p__Bacteroidetes;c__Bacteroidia;o__Bacteroidales;f__Porphyromonadaceae;g__Parabacteroides","Bacteria","Bacteroidetes","Bacteroidia","Bacteroidales","Porphyromonadaceae","Parabacteroides","Porphyromonadaceae / Parabacteroides"
"OTU_97.25986","Root;p__Bacteroidetes;c__Bacteroidia;o__Bacteroidales;f__Porphyromonadaceae;g__Parabacteroides","Bacteria","Bacteroidetes","Bacteroidia","Bacteroidales","Porphyromonadaceae","Parabacteroides","Porphyromonadaceae / Parabacteroides"
"OTU_97.3016","Root;p__Bacteroidetes;c__Bacteroidia;o__Bacteroidales;f__Porphyromonadaceae;g__Parabacteroides","Bacteria","Bacteroidetes","Bacteroidia","Bacteroidales","Porphyromonadaceae","Parabacteroides","Porphyromonadaceae / Parabacteroides"
"OTU_97.578","Root;p__Tenericutes;c__Erysipelotrichi;o__Erysipelotrichales;f__Erysipelotrichaceae;g__Clostridium","Bacteria","Tenericutes","Erysipelotrichi","Erysipelotrichales","Erysipelotrichaceae","Clostridium","Erysipelotrichaceae / Clostridium"
"OTU_97.381","Root;p__Tenericutes;c__Erysipelotrichi;o__Erysipelotrichales;f__Erysipelotrichaceae;g__Clostridium","Bacteria","Tenericutes","Erysipelotrichi","Erysipelotrichales","Erysipelotrichaceae","Clostridium","Erysipelotrichaceae / Clostridium"
"OTU_97.15603","Root;p__Tenericutes;c__Erysipelotrichi;o__Erysipelotrichales;f__Erysipelotrichaceae;g__Clostridium","Bacteria","Tenericutes","Erysipelotrichi","Erysipelotrichales","Erysipelotrichaceae","Clostridium","Erysipelotrichaceae / Clostridium"
"OTU_97.23396","Root;p__Firmicutes;c__Clostridia;o__Clostridiales;f__Veillonellaceae;g__Phascolarctobacterium","Bacteria","Firmicutes","Clostridia","Clostridiales","Veillonellaceae","Phascolarctobacterium","Veillonellaceae / Phascolarctobacterium"
"OTU_97.118","Root;p__Firmicutes;c__Clostridia;o__Clostridiales;f__Veillonellaceae;g__Phascolarctobacterium","Bacteria","Firmicutes","Clostridia","Clostridiales","Veillonellaceae","Phascolarctobacterium","Veillonellaceae / Phascolarctobacterium"
